<?xml version="1.0" encoding="utf-8" ?>
<odoo>

    <data noupdate="1">
        <record id="type_backlog" model="project.task.type">
            <field name="name">Backlog Proyecto</field>
        </record>
        <record id="type_backlog_sprint" model="project.task.type">
            <field name="name">Backlog Sprint</field>
        </record>
        <record id="type_client" model="project.task.type">
            <field name="name">Pendiente Cliente</field>
        </record>
        <record id="type_planning" model="project.task.type">
            <field name="name">Por Planificar</field>
        </record>
        <record id="type_develop" model="project.task.type">
            <field name="name">Desarrollo</field>
        </record>
        <record id="type_validationpm" model="project.task.type">
            <field name="name">Validación PM</field>
        </record>
        <record id="type_validationclient" model="project.task.type">
            <field name="name">Validación Cliente</field>
        </record>
        <record id="type_completed" model="project.task.type">
            <field name="name">Completado</field>
        </record>
        <record id="type_inprod" model="project.task.type">
            <field name="name">En Producción</field>
        </record>

    </data>

</odoo>
