<?xml version="1.0" encoding="utf-8" ?>
<odoo>

    <data noupdate="1">
        <record id="client_fault" model="project.task.type">
            <field name="name">Falta informacion cliente</field>
        </record>
        <record id="dev_fault" model="project.task.type">
            <field name="name">Faltan recursos</field>
        </record>
        <record id="rt_fault" model="project.task.type">
            <field name="name">Mala estimación</field>
        </record>
        <record id="pm_fault" model="project.task.type">
            <field name="name">Descripción pobre</field>
        </record>

    </data>

</odoo>
